Name,state,country,summit,drop,base,trams,fastEight,fastSixes,fastQuads,quad,triple,double,surface,total,Runs,Terrain Parks,Longest Run,Skiable Terrain,Snow Making,daysOpenLastYear,daysOpenNote,yearsOpen,averageSnowfall,AdultWeekday,AdultWeekend,Url,projectedDaysOpen,adultWeekdayPriceNote,adultWeekendPriceNote,Night Skiing,fastEightNote,mi Pistes,mi Snow Making,MI Night Skiing,snowfallNote,yearOpenNote
Alyeska Resort,Alaska,United States,3939,2500,250,1,0,0,2,2,0,0,2,7,76,2,1,1610,113,150,,60,669,65,85,http://www.onthesnow.com/alaska/alyeska-resort/ski-resort.html,150,,,550,,,,,,
Eaglecrest Ski Area,Alaska,United States,2600,1540,1200,0,0,0,0,0,0,4,0,4,36,1,2,640,60,45,,44,350,47,53,http://www.onthesnow.com/alaska/eaglecrest-ski-area/ski-resort.html,90,,,,,,,,,
Hilltop Ski Area,Alaska,United States,2090,294,1796,0,0,0,0,0,1,0,2,3,13,1,1,30,30,150,,36,69,30,34,http://www.onthesnow.com/alaska/hilltop-ski-area/ski-resort.html,152,,,30,,,,,,
Arizona Snowbowl,Arizona,United States,11500,2300,9200,0,0,1,0,2,2,1,2,8,55,4,2,777,104,122,,81,260,89,89,http://www.onthesnow.com/arizona/arizona-snowbowl/ski-resort.html,122,,,,,,,,,
Sunrise Park Resort,Arizona,United States,11100,1800,9200,0,,0,1,2,3,1,0,7,65,2,1.2,800,80,115,,49,250,74,78,http://www.onthesnow.com/arizona/sunrise-park-resort/ski-resort.html,104,,,80,Check fast eight lift info.,,,,,
Yosemite Ski & Snowboard Area,Sierra Nevada,Northern California,7800,600,7200,0,0,0,0,0,1,3,1,5,10,2,0.4,88,,110,,84,300,47,47,http://www.onthesnow.com/california/badger-pass/ski-resort.html,107,,,,,,,,,
Bear Mountain,Big Bear Lake,Sierra Nevada,8805,1665,7140,0,0,0,2,1,2,3,4,12,27,14,1.5,198,198,122,,76,100,,,http://www.onthesnow.com/california/bear-mountain/ski-resort.html,130,Check adult weekday price info.,Check adult weekday price info.,,,,,,,
Bear Valley,Sierra Nevada,Northern California,8500,1900,6600,0,0,1,1,0,2,4,2,10,67,2,1.2,1680,100,165,,52,359,,,http://www.onthesnow.com/california/bear-valley/ski-resort.html,151,Check adult weekday price info.,Check adult weekday price info.,,,,,,,
Boreal Mountain Resort,Sierra Nevada,Northern California,7700,500,7200,0,0,0,1,1,3,1,2,8,33,6,1,380,200,150,,54,400,49,,http://www.onthesnow.com/california/boreal/ski-resort.html,150,,Check adult weekday price info.,200,,,,,,
Dodge Ridge,Sierra Nevada,Northern California,8200,1600,6600,0,0,0,0,1,2,5,4,12,67,5,2,862,,,Check days info,69,350,78,78,http://www.onthesnow.com/california/dodge-ridge/ski-resort.html,140,,,,,,,,,
Donner Ski Ranch,Sierra Nevada,Northern California,8012,750,7031,0,0,0,0,0,1,5,2,8,52,2,1.5,505,60,163,,82,400,75,75,http://www.onthesnow.com/california/donner-ski-ranch/ski-resort.html,170,,,,,,,,,
Heavenly Mountain Resort,Sierra Nevada,Northern California,10067,3500,7170,2,0,2,7,1,5,3,8,28,97,3,5.5,4800,3379,155,,64,360,,,http://www.onthesnow.com/california/heavenly-mountain-resort/ski-resort.html,157,Check adult weekday price info.,Check adult weekday price info.,,,,,,,
June Mountain,Sierra Nevada,Southern California,10090,2590,7545,0,,0,2,0,0,4,1,7,41,2,2,1500,,,Check days info,58,250,,,http://www.onthesnow.com/california/june-mountain/ski-resort.html,128,Check adult weekday price info.,Check adult weekday price info.,,Check fast eight lift info.,,,,,
Kirkwood,Sierra Nevada,Northern California,9800,2000,7800,0,0,0,2,1,5,1,3,12,85,2,2.5,2300,200,200,,47,354,,,http://www.onthesnow.com/california/kirkwood/ski-resort.html,167,Check adult weekday price info.,Check adult weekday price info.,,,,,,,
Mammoth Mountain Ski Area,Sierra Nevada,Southern California,11053,3100,7953,3,0,2,9,1,6,4,0,25,154,7,3,3500,700,243,Check days info,66,400,149,159,http://www.onthesnow.com/california/mammoth-mountain-ski-area/ski-resort.html,,,,,,,,,,
Mt. Shasta Ski Park,Sierra Nevada,Northern California,6890,1435,5500,0,,0,0,0,3,0,1,4,32,2,1.1,425,225,140,,34,300,49,59,http://www.onthesnow.com/california/mount-shasta-board-ski-park/ski-resort.html,130,,,,Check fast eight lift info.,,,,,
Mountain High,Sierra Nevada,Southern California,8200,1600,6600,0,,0,2,2,2,5,3,14,59,1,1.6,290,275,118,,95,108,84,84,http://www.onthesnow.com/california/mountain-high/ski-resort.html,150,,,73,Check fast eight lift info.,,,,,
Mt. Baldy,Sierra Nevada,Southern California,8600,2100,6500,0,,0,0,0,0,4,0,4,26,,2.5,400,80,175,,67,178,69,69,http://www.onthesnow.com/california/mt-baldy/ski-resort.html,200,,,,Check fast eight lift info.,,,,,
Northstar California,Sierra Nevada,Northern California,8610,2280,6330,2,0,1,7,1,2,0,7,20,100,9,1.4,3170,1500,135,,47,350,,,http://www.onthesnow.com/california/northstar-california/ski-resort.html,150,Check adult weekday price info.,Check adult weekday price info.,,,,,,,
Sierra-at-Tahoe,Sierra Nevada,Northern California,8852,2212,6640,0,,0,3,0,1,5,5,14,46,6,2.5,2000,200,160,,73,460,99,,http://www.onthesnow.com/california/sierra-at-tahoe/ski-resort.html,144,,Check adult weekday price info.,,Check fast eight lift info.,,,,,
Ski China Peak,Sierra Nevada,Northern California,8709,1679,7030,0,0,0,0,1,4,2,4,11,45,1,2.2,1400,150,140,,62,300,83,83,http://www.onthesnow.com/california/ski-china-peak/ski-resort.html,144,,,,,,12.4,,,
Snow Summit,Big Bear Lake,Sierra Nevada,8200,1200,7000,0,0,0,2,0,4,5,5,16,27,6,1.2,240,240,,Check days info,67,100,,,http://www.onthesnow.com/california/snow-summit/ski-resort.html,130,Check adult weekday price info.,Check adult weekday price info.,150,,,,,,
Snow Valley,Sierra Nevada,Southern California,7841,1041,6800,0,,0,0,0,5,6,1,12,28,6,1.2,240,188,111,,82,160,69,79,http://www.onthesnow.com/california/snow-valley/ski-resort.html,143,,,164,Check fast eight lift info.,,,,,
Soda Springs,Sierra Nevada,Northern California,7352,652,6700,0,,0,0,0,1,1,2,4,18,,0.4,200,20,150,,83,400,50,50,http://www.onthesnow.com/california/soda-springs/ski-resort.html,144,,,,Check fast eight lift info.,,,,,
Sugar Bowl Resort,Sierra Nevada,Northern California,8383,1500,6883,1,0,0,5,3,1,0,2,12,105,3,3,1650,375,151,,80,500,125,125,http://www.onthesnow.com/california/sugar-bowl-resort/ski-resort.html,150,,,,,,,,,
Tahoe Donner,Sierra Nevada,Northern California,7350,600,6750,0,0,0,0,1,1,0,3,5,14,2,1,120,,150,,48,400,69,69,http://www.onthesnow.com/california/tahoe-donner/ski-resort.html,144,,,,,,,,,
Arapahoe Basin Ski Area,Colorado,United States,13050,2530,10780,0,0,0,1,2,1,2,3,9,145,3,1.5,1428,125,230,,73,350,85,85,http://www.onthesnow.com/colorado/arapahoe-basin-ski-area/ski-resort.html,233,,,,,,,,,
Aspen / Snowmass,Colorado,United States,12510,4406,8104,3,0,1,15,4,3,5,9,40,336,10,5.3,5517,658,138,,72,300,179,179,http://www.onthesnow.com/colorado/aspen-snowmass/ski-resort.html,138,,,,,,,,,
Beaver Creek,Colorado,United States,11440,3340,8100,2,0,0,11,0,1,1,9,24,150,3,2.8,1832,650,145,,39,323,,,http://www.onthesnow.com/colorado/beaver-creek/ski-resort.html,138,Check adult weekday price info.,Check adult weekday price info.,,,,,,,
Breckenridge,Colorado,United States,12998,3398,9600,1,0,5,6,0,1,6,15,34,187,4,3.5,2908,600,182,,58,300,,,http://www.onthesnow.com/colorado/breckenridge/ski-resort.html,163,Check adult weekday price info.,Check adult weekday price info.,,,,,,,
Copper Mountain Resort,Colorado,United States,12313,2738,9712,1,0,2,4,0,4,4,9,24,150,6,1.7,2527,364,164,,47,300,158,158,http://www.onthesnow.com/colorado/copper-mountain-resort/ski-resort.html,164,,,,,,,,,
Crested Butte Mountain Resort,Colorado,United States,12162,3062,9375,0,0,0,4,2,2,1,5,14,121,4,2.6,1547,297,145,,58,234,,,http://www.onthesnow.com/colorado/crested-butte-mountain-resort/ski-resort.html,131,Check adult weekday price info.,Check adult weekday price info.,,,,,,,
Purgatory,Colorado,United States,10822,2029,8793,0,0,1,2,0,3,3,3,12,101,9,1.3,1605,250,130,,54,260,89,89,http://www.onthesnow.com/colorado/durango-mountain-resort/ski-resort.html,130,,,,,,,,,
Eldora Mountain Resort,Colorado,United States,10600,1400,9200,0,0,1,0,2,1,3,3,10,65,8,3,680,680,147,,57,311,,,http://www.onthesnow.com/colorado/eldora-mountain-resort/ski-resort.html,150,Check adult weekday price info.,Check adult weekday price info.,,,,,,,
Howelsen Hill,Colorado,United States,7136,440,6696,0,,0,0,0,0,1,3,4,17,1,6,50,25,100,,104,150,25,25,http://www.onthesnow.com/colorado/howelsen-hill/ski-resort.html,100,,,10,Check fast eight lift info.,,,,,
Keystone,Colorado,United States,12408,3128,9280,2,0,2,4,1,1,2,8,20,128,1,3.5,3148,662,184,Check days info,49,235,,,http://www.onthesnow.com/colorado/keystone/ski-resort.html,,Check adult weekday price info.,Check adult weekday price info.,288,,,,,,
Loveland,Colorado,United States,13010,2210,10800,0,0,0,1,3,3,2,1,10,94,1,2,1800,240,205,,82,422,79,79,http://www.onthesnow.com/colorado/loveland/ski-resort.html,184,,,,,,,,,
Monarch Mountain,Colorado,United States,11952,1162,10790,0,0,0,0,1,0,4,2,7,64,2,1,800,,143,,80,350,89,89,http://www.onthesnow.com/colorado/monarch-mountain/ski-resort.html,136,,,,,,,,,
Powderhorn,Colorado,United States,9850,1650,8200,0,0,0,1,0,0,2,2,5,42,2,1.5,1600,42,111,,53,250,71,71,http://www.onthesnow.com/colorado/powderhorn/ski-resort.html,110,,,,,,,,,
Silverton Mountain,Colorado,United States,13487,3087,10400,0,0,0,0,0,0,1,0,1,,,1.5,26819,,175,,17,400,79,79,http://www.onthesnow.com/colorado/silverton-mountain/ski-resort.html,181,,,,,0.9,,,,
Cooper,Colorado,United States,11700,1200,10500,0,0,0,0,0,1,1,2,4,41,1,1,400,,130,,74,260,56,56,http://www.onthesnow.com/colorado/ski-cooper/ski-resort.html,130,,,,,,,,,
Ski Granby Ranch,Colorado,United States,9202,1000,8202,0,0,0,2,0,1,1,1,5,40,1,0.6,406,170,116,,36,220,84,84,http://www.onthesnow.com/colorado/ski-granby-ranch/ski-resort.html,92,,,100,,,,,,
Steamboat,Colorado,United States,10568,3668,6900,1,0,1,6,0,5,2,3,18,169,4,3,2965,375,145,,56,336,,,http://www.onthesnow.com/colorado/steamboat/ski-resort.html,145,Check adult weekday price info.,Check adult weekday price info.,30,,,,,,
Sunlight Mountain Resort,Colorado,United States,9895,2010,7885,0,0,0,0,0,1,2,0,3,67,1,2.5,680,30,100,,53,250,65,65,http://www.onthesnow.com/colorado/sunlight-mountain-resort/ski-resort.html,135,,,,,,,,,
Telluride,Colorado,United States,13150,4425,8725,2,0,0,6,1,2,2,4,17,148,3,4.6,2000,220,131,,47,280,139,139,http://www.onthesnow.com/colorado/telluride/ski-resort.html,137,,,,,,,,,
Vail,Colorado,United States,11570,3450,8120,2,0,3,15,1,1,0,9,31,195,3,4,5289,461,149,,57,354,,,http://www.onthesnow.com/colorado/vail/ski-resort.html,142,Check adult weekday price info.,Check adult weekday price info.,,,,,,,
Winter Park Resort,Colorado,United States,12060,3060,9000,1,0,2,7,0,4,6,5,25,166,7,4.9,3081,313,158,,79,360,,,http://www.onthesnow.com/colorado/winter-park-resort/ski-resort.html,151,Check adult weekday price info.,Check adult weekday price info.,,,,,,,
Wolf Creek Ski Area,Colorado,United States,11904,1604,10300,0,0,0,3,1,2,1,3,10,120,,2,1600,5,130,,80,430,72,72,http://www.onthesnow.com/colorado/wolf-creek-ski-area/ski-resort.html,150,,,,,,,,,
Mohawk Mountain,Connecticut,United States,1600,650,950,0,,0,0,0,5,0,3,8,25,,1.5,107,100,,Check days info,72,92,30,65,http://www.onthesnow.com/connecticut/mohawk-mountain/ski-resort.html,110,,,64,Check fast eight lift info.,,,,,
Mount Southington Ski Area,Connecticut,United States,525,425,100,0,,0,0,0,2,2,3,7,14,2,0.3,51,51,63,,55,80,60,60,http://www.onthesnow.com/connecticut/mount-southington-ski-area/ski-resort.html,95,,,51,Check fast eight lift info.,,,,,
Powder Ridge Park,Connecticut,United States,720,550,170,0,0,0,0,0,1,2,2,5,19,4,0.5,80,68,80,,60,80,45,55,http://www.onthesnow.com/connecticut/powder-ridge-park/ski-resort.html,100,,,40,,,,,,
Ski Sundown,Connecticut,United States,1075,625,450,0,0,0,0,0,3,0,2,5,16,2,1,70,70,84,,50,45,62,62,http://www.onthesnow.com/connecticut/ski-sundown/ski-resort.html,95,,,66,,,,,,
Woodbury Ski Area,Connecticut,United States,730,300,430,0,,0,0,0,0,1,4,5,12,2,0.2,50,50,126,,57,70,42,42,http://www.onthesnow.com/connecticut/woodbury-ski-area/ski-resort.html,180,,,35,Check fast eight lift info.,,,,,
Bogus Basin,Idaho,United States,7582,1800,5800,0,,0,3,0,1,3,4,11,91,3,1.5,2600,,134,,77,250,64,64,http://www.onthesnow.com/idaho/bogus-basin/ski-resort.html,130,,,165,Check fast eight lift info.,,,,,
Brundage Mountain Resort,Idaho,United States,7640,1800,5840,0,,0,1,0,4,0,1,6,51,2,3.2,1920,2,126,Check days info,58,320,70,70,http://www.onthesnow.com/idaho/brundage-mountain-resort/ski-resort.html,,,,,Check fast eight lift info.,,,,,
Kelly Canyon Ski Area,Idaho,United States,6600,1000,5600,0,,0,0,0,0,4,2,6,51,1,1.3,740,,,Check days info,62,200,,42,http://www.onthesnow.com/idaho/kelly-canyon-ski-area/ski-resort.html,,Check adult weekday price info.,,,Check fast eight lift info.,,,,,
Lookout Pass Ski Area,Idaho,United States,5650,1150,4500,0,0,0,0,0,1,3,0,4,35,2,1.5,540,,113,,84,400,44,47,http://www.onthesnow.com/idaho/lookout-pass-ski-area/ski-resort.html,140,,,,,,,,,
Magic Mountain Ski Area,Idaho,United States,7200,700,6500,0,,0,0,0,0,1,2,3,11,,1.5,280,,65,,81,180,32,32,http://www.onthesnow.com/idaho/magic-mountain-ski-area/ski-resort.html,70,,,,Check fast eight lift info.,,,,,
Pebble Creek Ski Area,Idaho,United States,8560,2200,6360,0,0,0,0,0,3,0,0,3,54,2,1.3,1100,30,85,,70,250,47,47,http://www.onthesnow.com/idaho/pebble-creek-ski-area/ski-resort.html,91,,,30,,2.7,,,,
Pomerelle Mountain Resort,Idaho,United States,9000,1000,8000,0,,0,0,0,1,1,1,3,24,2,1.5,500,50,138,,56,500,,,http://www.onthesnow.com/idaho/pomerelle-mountain-resort/ski-resort.html,138,Check adult weekday price info.,Check adult weekday price info.,100,Check fast eight lift info.,,,,,
Schweitzer,Idaho,United States,6400,2400,4000,0,0,1,2,0,1,3,2,9,92,3,2.1,2900,47,136,Check days info,56,300,81,81,http://www.onthesnow.com/idaho/schweitzer/ski-resort.html,,,,100,,,,,,
Silver Mountain,Idaho,United States,6300,2200,4100,1,0,0,0,1,2,2,1,7,80,2,2.5,1600,225,130,,29,300,57,62,http://www.onthesnow.com/idaho/silver-mountain/ski-resort.html,193,,,20,,,,,,
Soldier Mountain Ski Area,Idaho,United States,7200,1400,5800,0,,0,0,0,0,2,1,3,36,,0.4,1142,,60,Check days info,71,,43,43,http://www.onthesnow.com/idaho/soldier-mountain-ski-area/ski-resort.html,,,,,Check fast eight lift info.,,,,Check snowfall info.,
Sun Valley,Idaho,United States,9150,3400,5750,1,0,0,9,0,3,2,3,18,120,7,3,2054,645,149,,83,220,,,http://www.onthesnow.com/idaho/sun-valley/ski-resort.html,137,Check adult weekday price info.,Check adult weekday price info.,,,,,,,
Tamarack Resort,Idaho,United States,7700,2800,4900,0,0,0,2,2,0,0,2,6,48,3,1.5,1020,200,,Check days info,15,300,71,71,http://www.onthesnow.com/idaho/tamarack-resort/ski-resort.html,150,,,,,,,,,
Chestnut Mountain Resort,Illinois,United States,1040,475,565,0,,0,0,2,4,0,3,9,22,3,0.2,139,139,87,,60,50,40,55,http://www.onthesnow.com/illinois/chestnut-mountain-resort/ski-resort.html,112,,,139,Check fast eight lift info.,,,,,
Four Lakes,Illinois,United States,500,100,400,0,,0,0,0,0,0,7,7,7,1,0.1,9,9,78,,58,24,,,http://www.onthesnow.com/illinois/four-lakes/ski-resort.html,70,Check adult weekday price info.,Check adult weekday price info.,9,Check fast eight lift info.,,,,,
Ski Snowstar Winter Sports Park,Illinois,United States,790,262,528,0,,0,0,2,0,2,2,6,15,1,0.8,28,28,56,,38,38,25,35,http://www.onthesnow.com/illinois/ski-snowstar-winter-sports-park/ski-resort.html,86,,,28,Check fast eight lift info.,,,,,
Villa Olivia,Illinois,United States,500,180,320,0,,0,0,1,0,0,6,7,7,1,0.1,15,15,,Check days info,53,25,40,40,http://www.onthesnow.com/illinois/villa-olivia/ski-resort.html,70,,,15,Check fast eight lift info.,,,,,
Paoli Peaks,Indiana,United States,900,300,600,0,0,0,1,1,3,1,2,8,15,2,0.4,65,65,75,,41,18,38,45,http://www.onthesnow.com/indiana/paoli-peaks/ski-resort.html,80,,,65,,,,,,
Perfect North Slopes,Indiana,United States,800,400,400,0,,0,0,2,3,0,6,11,23,2,1,100,100,82,,39,24,52,52,http://www.onthesnow.com/indiana/perfect-north-slopes/ski-resort.html,90,,,100,Check fast eight lift info.,,,,,
Mt. Crescent Ski Area,Iowa,United States,1500,300,1200,0,,0,0,1,0,1,0,2,11,1,0.2,50,50,,Check days info,58,30,29,39,http://www.onthesnow.com/iowa/mt-crescent-ski-area/ski-resort.html,,,,50,Check fast eight lift info.,,,,,
Seven Oaks,Iowa,United States,975,275,800,0,0,0,0,0,2,0,2,4,11,2,1,35,35,100,,22,40,40,40,http://www.onthesnow.com/iowa/seven-oaks/ski-resort.html,100,,,35,,,,,,
Sundown Mountain,Iowa,United States,1059,475,584,0,,0,0,1,1,2,2,6,21,2,0.6,55,55,,Check days info,46,45,38,46,http://www.onthesnow.com/iowa/sundown-mountain/ski-resort.html,,,,55,Check fast eight lift info.,,,,,
Big Squaw Mountain Ski Resort,Maine,United States,3200,660,1750,0,,0,0,0,1,0,0,1,29,,0.8,,,67,,6,,30,30,http://www.onthesnow.com/maine/big-squaw-mountain-ski-resort/ski-resort.html,58,,,,Check fast eight lift info.,,,,Check snowfall info.,
Camden Snow Bowl,Maine,United States,1080,850,150,0,,0,0,0,1,1,1,3,26,2,1,100,48,68,,83,69,33,43,http://www.onthesnow.com/maine/camden-snow-bowl/ski-resort.html,70,,,48,Check fast eight lift info.,,,,,
Lost Valley,Maine,United States,495,240,255,0,,0,0,0,0,2,2,4,22,2,0.3,45,45,87,,58,50,29,55,http://www.onthesnow.com/maine/lost-valley/ski-resort.html,104,,,45,Check fast eight lift info.,,,,,
Mt. Abram Ski Resort,Maine,United States,2250,1150,1050,0,0,0,0,0,0,2,3,5,54,1,0.5,640,175,120,,59,125,29,49,http://www.onthesnow.com/maine/mt-abram-ski-resort/ski-resort.html,120,,,,,,,,,
Mt. Jefferson,Maine,United States,753,432,351,0,,0,0,0,0,0,3,3,10,,0.3,12,,,Check days info,19,,,,http://www.onthesnow.com/maine/mt-jefferson/ski-resort.html,,Check adult weekday price info.,Check adult weekday price info.,,Check fast eight lift info.,,,,Check snowfall info.,
New Hermon Mountain,Maine,United States,450,350,100,0,,0,0,0,0,1,2,3,20,,1.9,70,70,102,,55,90,32,32,http://www.onthesnow.com/maine/new-hermon-mountain/ski-resort.html,117,,,45,Check fast eight lift info.,,,,,
Shawnee Peak,Maine,United States,1900,1350,600,0,,0,0,1,2,1,2,6,43,3,0.8,239,234,97,,81,110,55,75,http://www.onthesnow.com/maine/shawnee-peak/ski-resort.html,103,,,110,Check fast eight lift info.,,,,,
Sugarloaf,Maine,United States,4237,2820,1417,0,0,0,2,3,1,5,2,13,162,4,3.5,1240,618,159,,68,200,99,99,http://www.onthesnow.com/maine/sugarloaf/ski-resort.html,155,,,,,,,,,
Sunday River,Maine,United States,3140,2340,800,1,0,0,4,5,3,1,1,15,135,5,3,870,552,165,,60,167,105,105,http://www.onthesnow.com/maine/sunday-river/ski-resort.html,169,,,140,,,,,,
Wisp,Maryland,United States,3115,700,2415,0,,0,0,2,5,0,5,12,34,3,1.5,172,118,121,,64,100,59,79,http://www.onthesnow.com/maryland/wisp/ski-resort.html,120,,,118,Check fast eight lift info.,,,,,
Berkshire East,Massachusetts,United States,1720,1180,540,0,,0,0,2,1,1,2,6,47,2,2,180,165,120,,68,120,48,68,http://www.onthesnow.com/massachusetts/berkshire-east/ski-resort.html,120,,,80,Check fast eight lift info.,,,,,
Blandford Ski Area,Massachusetts,United States,1685,465,1035,0,0,0,0,0,0,3,2,5,29,2,0.5,132,70,,Check days info,83,50,20,45,http://www.onthesnow.com/massachusetts/blandford-ski-area/ski-resort.html,,,,70,,,,,,
Blue Hills Ski Area,Massachusetts,United States,635,309,326,0,0,0,0,0,0,1,3,4,16,1,,60,60,,Check days info,19,,40,45,http://www.onthesnow.com/massachusetts/blue-hills-ski-area/ski-resort.html,,,,,,,,,Check snowfall info.,
Bousquet Ski Area,Massachusetts,United States,1875,750,1125,0,,0,0,0,0,3,2,5,23,1,1,200,98,,Check days info,19,83,25,49,http://www.onthesnow.com/massachusetts/bousquet-ski-area/ski-resort.html,,,,100,Check fast eight lift info.,,,,,
Bradford Ski Area,Massachusetts,United States,1548,248,1300,0,,0,0,0,2,0,8,10,15,1,0.3,48,48,,Check days info,71,,37,55,http://www.onthesnow.com/massachusetts/bradford-ski-area/ski-resort.html,,,,,Check fast eight lift info.,,,,Check snowfall info.,
Jiminy Peak,Massachusetts,United States,2380,1150,1230,0,0,1,0,2,3,1,2,9,45,3,2,167,163,121,,71,90,81,81,http://www.onthesnow.com/massachusetts/jiminy-peak/ski-resort.html,120,,,104,,,,,,
Nashoba Valley,Massachusetts,United States,440,240,200,0,,0,0,0,3,1,7,11,17,2,0.5,52,52,112,,55,55,48,58,http://www.onthesnow.com/massachusetts/nashoba-valley/ski-resort.html,126,,,52,Check fast eight lift info.,,,,,
Otis Ridge Ski Area,Massachusetts,United States,1700,400,1300,0,,0,0,0,0,1,3,4,11,1,1,60,55,106,,73,70,20,40,http://www.onthesnow.com/massachusetts/otis-ridge-ski-area/ski-resort.html,106,,,35,Check fast eight lift info.,,,,,
Ski Butternut,Massachusetts,United States,1800,1000,800,0,0,0,0,3,1,1,6,11,22,2,1.5,110,110,107,,56,115,25,60,http://www.onthesnow.com/massachusetts/ski-butternut/ski-resort.html,110,,,,,,14,,,
Ski Ward,Massachusetts,United States,420,210,210,0,0,0,0,0,1,0,3,4,11,1,0.2,45,45,105,,50,80,,,http://www.onthesnow.com/massachusetts/ski-ward/ski-resort.html,120,Check adult weekday price info.,Check adult weekday price info.,38,,,,,,
Wachusett Mountain Ski Area,Massachusetts,United States,2006,1000,1006,0,0,0,3,0,1,0,4,8,27,2,1.5,112,112,,Check days info,57,100,65,71,http://www.onthesnow.com/massachusetts/wachusett-mountain-ski-area/ski-resort.html,120,,,104,,5.8,,,,
Alpine Valley Ski Area,Michigan,United States,500,240,126,0,,0,0,1,2,5,6,14,25,3,0.2,100,100,,Check days info,57,20,39,47,http://www.onthesnow.com/michigan/alpine-valley-ski-area/ski-resort.html,,,,100,Check fast eight lift info.,,,,,
Apple Mountain,Michigan,United States,820,220,600,0,0,0,0,1,0,0,5,6,12,,,80,42,,Check days info,58,52,35,35,http://www.onthesnow.com/michigan/apple-mountain/ski-resort.html,,,,80,,,,,,
Big Powderhorn Mountain,Michigan,United States,1800,600,1200,0,0,0,0,0,0,9,1,10,45,2,1,253,228,100,,55,214,69,69,http://www.onthesnow.com/michigan/big-powderhorn-mountain/ski-resort.html,108,,,,,,,,,
Bittersweet Ski Area,Michigan,United States,850,350,450,0,0,0,0,1,7,0,4,12,20,2,0.2,100,100,80,Check days info,36,90,38,48,http://www.onthesnow.com/michigan/bittersweet-ski-area/ski-resort.html,,,,100,,,,,,
Big Snow Resort - Blackjack,Michigan,United States,850,465,385,0,0,0,0,0,0,4,2,6,26,2,1,170,86,95,,42,210,49,65,http://www.onthesnow.com/michigan/blackjack-ski-resort/ski-resort.html,115,,,,,,,,,
Boyne Highlands,Michigan,United States,1290,552,745,0,,0,1,3,4,0,2,10,55,4,1.2,435,400,97,,56,140,78,98,http://www.onthesnow.com/michigan/boyne-highlands/ski-resort.html,120,,,150,Check fast eight lift info.,,,,,
Boyne Mountain Resort,Michigan,United States,1120,500,620,0,,1,0,4,3,2,2,12,60,7,1,415,380,122,,71,140,,,http://www.onthesnow.com/michigan/boyne-mountain-resort/ski-resort.html,130,Check adult weekday price info.,Check adult weekday price info.,200,Check fast eight lift info.,,,,,
Caberfae Peaks,Michigan,United States,1569,485,1060,0,,0,0,1,2,1,1,5,34,2,1.2,200,200,118,,82,140,39,49,http://www.onthesnow.com/michigan/caberfae-peaks-ski-golf-resort/ski-resort.html,130,,,150,Check fast eight lift info.,,,,,
Cannonsburg,Michigan,United States,1100,250,850,0,,0,0,1,1,1,7,10,21,5,0.1,100,,100,,54,100,30,37,http://www.onthesnow.com/michigan/cannonsburg/ski-resort.html,100,,,,Check fast eight lift info.,,,,,
Crystal Mountain,Michigan,United States,1132,375,757,0,0,0,1,3,2,0,2,8,58,3,0.3,102,96,120,,63,132,54,64,http://www.onthesnow.com/michigan/crystal-mountain/ski-resort.html,135,,,56,,56.5,,,,
Big Snow Resort - Indianhead Mountain,Michigan,United States,1935,638,1297,0,,0,0,1,1,5,2,9,32,2,1,240,150,120,,60,204,49,49,http://www.onthesnow.com/michigan/indianhead-mountain/ski-resort.html,120,,,,Check fast eight lift info.,,,,,
Marquette Mountain,Michigan,United States,1357,600,757,0,,0,0,0,1,2,1,4,35,3,0.7,169,143,139,,60,210,,,http://www.onthesnow.com/michigan/marquette-mountain/ski-resort.html,135,Check adult weekday price info.,Check adult weekday price info.,89,Check fast eight lift info.,,,,,
Mont Ripley,Michigan,United States,1140,440,700,0,,0,0,0,0,2,2,4,25,2,0.8,112,112,114,,83,275,49,49,http://www.onthesnow.com/michigan/mont-ripley/ski-resort.html,100,,,100,Check fast eight lift info.,,,,,
Mount Bohemia,Michigan,United States,1500,900,600,0,,0,0,0,1,1,0,2,,,2.3,585,,83,,19,273,68,68,http://www.onthesnow.com/michigan/mount-bohemia/ski-resort.html,100,,,,Check fast eight lift info.,,,,,
Mt. Brighton,Michigan,United States,1330,230,1100,0,,0,0,2,3,0,8,13,25,5,0.1,130,130,111,,59,60,52,59,http://www.onthesnow.com/michigan/mount-brighton/ski-resort.html,100,,,130,Check fast eight lift info.,,,,,
Mt. Holiday Ski Area,Michigan,United States,440,200,240,0,,0,0,0,0,2,2,4,12,,0.1,45,45,100,,70,120,22,34,http://www.onthesnow.com/michigan/mount-holiday-ski-area/ski-resort.html,90,,,45,Check fast eight lift info.,,,,,
Mount Holly,Michigan,United States,1105,350,755,0,0,0,1,2,3,1,6,13,19,,0.1,100,100,,Check days info,63,42,37,45,http://www.onthesnow.com/michigan/mount-holly/ski-resort.html,102,,,100,,,,,,
Mulligan's Hollow Ski Bowl,Michigan,United States,700,130,570,0,,0,0,0,0,0,5,5,6,,0.2,10,10,,Check days info,19,60,15,20,http://www.onthesnow.com/michigan/mulligans-hollow-ski-bowl/ski-resort.html,,,,10,Check fast eight lift info.,,,,,
Norway Mountain,Michigan,United States,1335,500,835,0,,0,0,0,1,2,3,6,17,1,1.4,186,186,110,,45,100,,45,http://www.onthesnow.com/michigan/norway-mountain/ski-resort.html,110,Check adult weekday price info.,,40,Check fast eight lift info.,,,,,
Nubs Nob Ski Area,Michigan,United States,1338,427,911,0,,0,0,3,4,2,1,10,53,3,0.9,248,248,133,,61,135,65,85,http://www.onthesnow.com/michigan/nubs-nob-ski-area/ski-resort.html,130,,,160,Check fast eight lift info.,,,,,
Pine Knob Ski Resort,Michigan,United States,1308,300,1009,0,0,0,0,0,0,0,6,6,14,3,1,80,80,,Check days info,2019,,49,57,http://www.onthesnow.com/michigan/pine-knob-ski-resort/ski-resort.html,,,,,,,,,Check snowfall info.,
Pine Mountain,Michigan,United States,1650,500,1150,0,0,0,0,0,1,2,1,4,28,1,0.5,160,160,110,,80,60,,45,http://www.onthesnow.com/michigan/pine-mountain/ski-resort.html,126,Check adult weekday price info.,,80,,,,,,
Schuss Mountain at Shanty Creek,Michigan,United States,1125,450,675,0,0,0,0,5,0,0,3,8,42,3,1,70,70,94,,57,160,58,78,http://www.onthesnow.com/michigan/shanty-creek/ski-resort.html,111,,,70,,,,,,
Ski Brule,Michigan,United States,1860,500,1360,0,0,0,0,0,0,5,7,12,17,3,1,150,150,164,,62,150,49,49,http://www.onthesnow.com/michigan/ski-brule/ski-resort.html,165,,,40,,,,,,
Snow Snake Mountain Ski Area,Michigan,United States,1230,210,1020,0,,0,0,0,1,0,5,6,12,2,0,40,40,,Check days info,72,,30,35,http://www.onthesnow.com/michigan/snow-snake-mountain-ski-area/ski-resort.html,,,,40,Check fast eight lift info.,,,,Check snowfall info.,
Swiss Valley,Michigan,United States,1200,225,975,0,,0,0,2,1,0,4,7,11,2,0.1,60,60,89,,51,60,32,42,http://www.onthesnow.com/michigan/swiss-valley/ski-resort.html,80,,,60,Check fast eight lift info.,,,,,
The Homestead,Michigan,United States,900,320,580,0,,0,0,0,2,1,2,5,15,1,0.2,16,16,47,,34,150,50,50,http://www.onthesnow.com/michigan/the-homestead/ski-resort.html,42,,,16,Check fast eight lift info.,,,,,
Timber Ridge,Michigan,United States,850,250,600,0,,0,0,1,1,2,4,8,16,2,0.3,50,50,80,Check days info,58,,35,45,http://www.onthesnow.com/michigan/timber-ridge/ski-resort.html,,,,50,Check fast eight lift info.,,,,Check snowfall info.,
Treetops Resort,Michigan,United States,1345,225,1120,0,,0,0,0,3,0,2,5,23,3,0.2,80,80,63,,65,175,,,http://www.onthesnow.com/michigan/treetops-resort/ski-resort.html,101,Check adult weekday price info.,Check adult weekday price info.,80,Check fast eight lift info.,,,,,
Afton Alps,Minnesota,United States,1530,350,1180,0,0,0,0,1,3,14,4,22,48,5,0.5,250,250,135,,56,60,55,60,http://www.onthesnow.com/minnesota/afton-alps/ski-resort.html,135,,,250,,,,,,
Andes Tower Hills Ski Area,Minnesota,United States,1620,290,1330,0,0,0,0,1,2,0,3,6,15,2,0.2,35,35,100,,38,55,45,45,http://www.onthesnow.com/minnesota/andes-tower-hills-ski-area/ski-resort.html,110,,,35,,,,,,
Buck Hill,Minnesota,United States,1225,309,919,0,,0,0,2,1,0,5,8,16,,0.2,45,45,115,,65,60,34,47,http://www.onthesnow.com/minnesota/buck-hill/ski-resort.html,112,,,45,Check fast eight lift info.,,,,,
Buena Vista Ski Area,Minnesota,United States,1510,230,1280,0,,0,0,0,2,2,2,6,17,,0.3,30,30,57,,70,78,44,44,http://www.onthesnow.com/minnesota/buena-vista-ski-area/ski-resort.html,60,,,30,Check fast eight lift info.,,,,,
Coffee Mill Ski & Snowboard Resort,Minnesota,United States,1150,425,725,0,0,0,0,0,0,2,1,3,14,1,1,40,35,57,,39,48,23,37,http://www.onthesnow.com/minnesota/coffee-mill-ski-snowboard-resort/ski-resort.html,56,,,35,,,,,,
Elm Creek Winter Recreation Area,Minnesota,United States,928,60,868,0,,0,0,0,0,0,3,3,3,,1,15,20,105,,13,45,17,17,http://www.onthesnow.com/minnesota/elm-creek/ski-resort.html,102,,,15,Check fast eight lift info.,,,,,
Giants Ridge Resort,Minnesota,United States,1972,500,1472,0,,0,1,1,1,2,2,7,35,2,0.8,202,202,120,,35,85,49,58,http://www.onthesnow.com/minnesota/giants-ridge-resort/ski-resort.html,125,,,121,Check fast eight lift info.,,,,,
Hyland Ski & Snowboard Area,Minnesota,United States,1075,175,900,0,0,0,0,2,1,0,5,8,14,1,1,35,35,110,,61,55,35.34,35.34,http://www.onthesnow.com/minnesota/hyland-ski-snowboard-area/ski-resort.html,115,,,35,,,,,,
Lutsen Mountains,Minnesota,United States,1688,825,800,1,0,1,0,0,1,4,1,8,62,2,2,393,231,135,,71,120,84,84,http://www.onthesnow.com/minnesota/lutsen-mountains/ski-resort.html,127,,,,,,,,,
Mount Kato Ski Area,Minnesota,United States,540,240,300,0,,0,0,5,0,3,2,10,19,4,1,55,55,115,,43,50,34,46,http://www.onthesnow.com/minnesota/mount-kato-ski-area/ski-resort.html,120,,,50,Check fast eight lift info.,,,,,
Powder Ridge Ski Area,Minnesota,United States,790,300,500,0,,0,0,1,0,2,3,6,15,4,,60,60,97,,58,45,36,48,http://www.onthesnow.com/minnesota/powder-ridge-ski-area/ski-resort.html,113,,,60,Check fast eight lift info.,,,,,
Spirit Mountain,Minnesota,United States,1320,700,620,0,,0,1,1,2,1,2,7,22,3,1,175,175,100,,45,100,59,59,http://www.onthesnow.com/minnesota/spirit-mountain/ski-resort.html,125,,,144,Check fast eight lift info.,,,,,
Welch Village,Minnesota,United States,1060,360,700,0,,0,0,3,1,4,2,10,50,1,0.8,125,125,114,,54,45,54,60,http://www.onthesnow.com/minnesota/welch-village/ski-resort.html,122,,,100,Check fast eight lift info.,,,,,
Wild Mountain Ski & Snowboard Area,Minnesota,United States,1113,300,813,0,0,0,0,4,0,0,4,8,26,4,0.9,100,100,130,,47,50,55,55,http://www.onthesnow.com/minnesota/wild-mountain-ski-snowboard-area/ski-resort.html,140,,,100,,,,,,
Hidden Valley Ski Area,Missouri,United States,2566,310,2316,0,0,0,0,2,2,0,3,7,17,,0.1,30,30,,Check days info,37,26,49,49,http://www.onthesnow.com/missouri/hidden-valley-ski-area/ski-resort.html,,,,17,,,,,,
Snow Creek,Missouri,United States,1100,300,800,0,,0,0,0,2,1,2,5,14,2,0.3,30,30,69,,33,20,37,47,http://www.onthesnow.com/missouri/snow-creek/ski-resort.html,85,,,30,Check fast eight lift info.,0.4,0.1,0.1,,
Big Sky Resort,Montana,United States,11166,4350,7500,1,1,2,5,3,7,5,12,36,317,8,6,5800,400,144,,46,400,,,http://www.onthesnow.com/montana/big-sky-resort/ski-resort.html,144,Check adult weekday price info.,Check adult weekday price info.,,,,,,,
Blacktail Mountain Ski Area,Montana,United States,6676,1440,5236,0,,0,0,0,1,2,1,4,27,,0.7,1000,,,Check days info,21,250,42,42,http://www.onthesnow.com/montana/blacktail-mountain-ski-area/ski-resort.html,,,,,Check fast eight lift info.,,,,,
Bridger Bowl,Montana,United States,8700,2600,6100,0,0,0,0,1,6,1,3,11,105,2,1.5,2000,100,122,,64,350,63,63,http://www.onthesnow.com/montana/bridger-bowl/ski-resort.html,133,,,,,,,,,
Discovery Ski Area,Montana,United States,8150,2380,5770,0,0,0,0,0,5,2,1,8,74,1,1.5,2400,25,116,,46,225,49,49,http://www.onthesnow.com/montana/discovery-ski-area/ski-resort.html,116,,,,,,,,,
Great Divide,Montana,United States,7330,1580,5750,0,0,0,0,0,0,5,1,6,110,6,3,1600,150,94,,78,180,48,48,http://www.onthesnow.com/montana/great-divide/ski-resort.html,100,,,100,,,3.7,9.9,,
Lost Trail - Powder Mtn,Montana,United States,8200,1800,6400,0,,0,0,0,0,5,3,8,69,2,2.5,1800,,84,,81,325,46,46,http://www.onthesnow.com/montana/lost-trail-powder-mtn/ski-resort.html,80,,,,Check fast eight lift info.,,,,,
Maverick Mountain,Montana,United States,8520,2020,6500,0,,0,0,0,0,1,1,2,22,,1.3,255,,,Check days info,83,160,39,39,http://www.onthesnow.com/montana/maverick-mountain/ski-resort.html,,,,,Check fast eight lift info.,,,,,
Montana Snowbowl,Montana,United States,7600,2600,5000,0,,0,0,0,0,2,2,4,37,,1.2,950,20,,Check days info,58,300,50,50,http://www.onthesnow.com/montana/montana-snowbowl/ski-resort.html,,,,10,Check fast eight lift info.,,,,,
Red Lodge Mountain,Montana,United States,9416,2400,7016,0,0,0,2,0,1,3,1,7,70,2,2.5,1635,496,142,,59,250,67,67,http://www.onthesnow.com/montana/red-lodge-mountain/ski-resort.html,136,,,,,,,,,
Showdown Montana,Montana,United States,8200,1400,6800,0,0,0,0,0,1,2,1,4,36,1,1.8,640,,86,,83,250,47,47,http://www.onthesnow.com/montana/showdown-ski-area/ski-resort.html,85,,,,,,,,,
Teton Pass Ski Resort,Montana,United States,7200,1010,6190,0,,0,0,0,0,1,2,3,43,1,3,330,,40,,54,250,39,39,http://www.onthesnow.com/montana/teton-pass-ski-area/ski-resort.html,150,,,,Check fast eight lift info.,,,,,
Whitefish Mountain Resort,Montana,United States,6817,2353,4464,0,0,0,3,2,6,0,3,14,105,4,3.3,3000,600,123,,72,333,81,81,http://www.onthesnow.com/montana/whitefish-mountain-resort/ski-resort.html,123,,,600,,,,,,
Diamond Peak,Sierra Nevada,Nevada,8540,1840,6700,0,,0,1,2,0,3,1,7,30,3,2.5,655,492,100,,53,300,89,99,http://www.onthesnow.com/nevada/diamond-peak/ski-resort.html,122,,,,Check fast eight lift info.,,,,,
Elko SnoBowl,Nevada,United States,7000,700,6300,0,,0,0,0,0,1,1,2,10,,1,60,2,19,,23,24,20,20,http://www.onthesnow.com/nevada/elko-snobowl/ski-resort.html,30,,,,Check fast eight lift info.,,,,,
Lee Canyon,Nevada,United States,11289,860,8510,0,,0,0,2,1,0,0,3,24,1,0.3,195,50,144,,56,161,70,70,http://www.onthesnow.com/nevada/las-vegas-ski-and-snowboard-resort/ski-resort.html,150,,,,Check fast eight lift info.,,,,,
Mt. Rose - Ski Tahoe,Sierra Nevada,Nevada,9700,1800,8260,0,0,2,0,2,2,0,2,8,65,5,2.5,1200,330,152,,55,350,135,135,http://www.onthesnow.com/nevada/mt-rose-ski-tahoe/ski-resort.html,150,,,,,,,,,
Attitash,New Hampshire,United States,2350,1750,600,0,,0,2,1,3,2,1,9,68,3,3,311,240,115,,54,120,79,89,http://www.onthesnow.com/new-hampshire/attitash/ski-resort.html,130,,,,Check fast eight lift info.,,,,,
Black Mountain,New Hampshire,United States,2350,1100,1250,0,0,0,0,0,1,1,3,5,45,,1.6,143,120,110,,84,125,45,59,http://www.onthesnow.com/new-hampshire/black-mountain/ski-resort.html,107,,,,,,,,,
Bretton Woods,New Hampshire,United States,3100,1500,1600,0,0,0,4,1,1,0,3,9,63,2,2,464,427,180,,46,200,85,99,http://www.onthesnow.com/new-hampshire/bretton-woods/ski-resort.html,180,,,45,,,,,,
Cannon Mountain,New Hampshire,United States,4080,2180,1900,1,0,0,1,2,3,1,3,11,97,3,2.3,285,192,124,,81,160,79,79,http://www.onthesnow.com/new-hampshire/cannon-mountain/ski-resort.html,143,,,,,,,,,
Cranmore Mountain Resort,New Hampshire,United States,2000,1200,600,0,0,0,1,1,2,1,2,7,57,4,1,200,192,107,,82,150,,,http://www.onthesnow.com/new-hampshire/cranmore-mountain-resort/ski-resort.html,128,Check adult weekday price info.,Check adult weekday price info.,,,,,,,
Crotched Mountain,New Hampshire,United States,2066,1016,1050,0,0,0,1,1,1,1,1,5,25,3,1.2,100,100,105,,16,105,55,69,http://www.onthesnow.com/new-hampshire/crotched-mountain/ski-resort.html,100,,,100,,,,,,
Dartmouth Skiway,New Hampshire,United States,1943,969,974,0,0,0,0,1,0,1,2,4,28,1,1.1,107,54,104,,63,100,50,50,http://www.onthesnow.com/new-hampshire/dartmouth-skiway/ski-resort.html,105,,,,,,,,,
Gunstock,New Hampshire,United States,2300,1400,900,0,,0,1,2,2,0,1,6,55,4,1.5,227,176,106,Check days info,82,120,80,92,http://www.onthesnow.com/new-hampshire/gunstock/ski-resort.html,,,,60,Check fast eight lift info.,,,,,
King Pine,New Hampshire,United States,850,350,500,0,,0,0,0,3,0,3,6,17,2,0.3,48,45,105,,57,120,42,58,http://www.onthesnow.com/new-hampshire/king-pine/ski-resort.html,107,,,23,Check fast eight lift info.,,,,,
Loon Mountain,New Hampshire,United States,3050,2100,950,1,,0,3,1,1,3,2,11,61,6,2.5,370,322,149,,53,160,,,http://www.onthesnow.com/new-hampshire/loon-mountain/ski-resort.html,144,Check adult weekday price info.,Check adult weekday price info.,,Check fast eight lift info.,,,,,
Mount Sunapee,New Hampshire,United States,2743,1510,1233,0,,0,2,1,2,1,4,10,66,4,0.8,232,215,130,,71,100,83,93,http://www.onthesnow.com/new-hampshire/mount-sunapee/ski-resort.html,136,,,,Check fast eight lift info.,,,,,
Pats Peak,New Hampshire,United States,1460,770,690,0,,0,0,0,4,2,5,11,28,3,1.5,115,115,109,,56,100,58,72,http://www.onthesnow.com/new-hampshire/pats-peak/ski-resort.html,112,,,93,Check fast eight lift info.,,,,,
Ragged Mountain Resort,New Hampshire,United States,2250,1250,1000,0,,1,1,0,1,0,3,6,57,3,0.7,250,200,,Check days info,54,100,74,84,http://www.onthesnow.com/new-hampshire/ragged-mountain-resort/ski-resort.html,140,,,,Check fast eight lift info.,,,,,
Waterville Valley,New Hampshire,United States,4004,2020,1984,0,,0,2,0,2,3,4,11,62,4,1.9,265,220,142,,54,148,79,93,http://www.onthesnow.com/new-hampshire/waterville-valley/ski-resort.html,142,,,,Check fast eight lift info.,,,,,
Whaleback Mountain,New Hampshire,United States,1800,700,1100,0,,0,0,0,0,1,3,4,30,1,1,85,60,105,,64,110,30,45,http://www.onthesnow.com/new-hampshire/whaleback-mountain/ski-resort.html,105,,,55,Check fast eight lift info.,,,,,
Wildcat Mountain,New Hampshire,United States,4062,2112,1950,0,,0,1,0,3,0,1,5,48,,2.8,225,200,156,,61,200,79,89,http://www.onthesnow.com/new-hampshire/wildcat-mountain/ski-resort.html,150,,,,Check fast eight lift info.,,,,,
Campgaw Mountain,New Jersey,United States,726,274,450,0,,0,0,0,0,2,3,5,12,1,0.3,23,23,80,Check days info,58,45,,,http://www.onthesnow.com/new-jersey/campgaw-mountain/ski-resort.html,,Check adult weekday price info.,Check adult weekday price info.,14,Check fast eight lift info.,,,,,
Mountain Creek Resort,New Jersey,United States,1480,1040,440,1,,0,2,2,1,1,3,10,46,3,2,167,167,90,,54,65,79.99,79.99,http://www.onthesnow.com/new-jersey/mountain-creek-resort/ski-resort.html,100,,,167,Check fast eight lift info.,,,,,
Angel Fire Resort,New Mexico,United States,10677,2077,8600,0,0,0,2,0,0,3,2,7,81,3,3,560,230,101,,53,210,77,77,http://www.onthesnow.com/new-mexico/angel-fire-resort/ski-resort.html,101,,,50,,,,,,
Enchanted Forest Ski Area,New Mexico,United States,10078,400,9820,0,,0,0,0,0,0,0,0,33,,2.5,600,,130,,34,240,20,20,http://www.onthesnow.com/new-mexico/enchanted-forest-cross-countryski-area/ski-resort.html,140,,,,Check fast eight lift info.,,,,,
Pajarito Mountain Ski Area,New Mexico,United States,10441,1410,9031,0,,0,0,1,1,3,1,6,45,2,0.6,750,35,89,,62,163,49,49,http://www.onthesnow.com/new-mexico/pajarito-mountain-ski-area/ski-resort.html,117,,,,Check fast eight lift info.,,,,,
Red River,New Mexico,United States,10350,1600,8750,0,0,0,0,1,3,1,2,7,63,3,2.5,209,,110,Check days info,60,214,79,79,http://www.onthesnow.com/new-mexico/red-river/ski-resort.html,,,,,,,,,,
Sandia Peak,New Mexico,United States,10378,1700,8678,0,,0,0,0,0,4,1,5,39,1,2,200,30,32,,82,100,55,55,http://www.onthesnow.com/new-mexico/sandia-peak/ski-resort.html,38,,,,Check fast eight lift info.,,,,,
Sipapu Ski Resort,New Mexico,United States,9255,1055,8200,0,,0,0,1,2,0,3,6,42,4,0.5,200,140,127,,67,190,47,47,http://www.onthesnow.com/new-mexico/sipapu-ski-and-summer-resort/ski-resort.html,143,,,,Check fast eight lift info.,,,,,
Ski Apache,New Mexico,United States,11500,1900,9600,1,,0,0,2,6,0,2,11,55,3,2,750,270,133,,58,185,74,74,http://www.onthesnow.com/new-mexico/ski-apache/ski-resort.html,124,,,,Check fast eight lift info.,,,,,
Ski Santa Fe,New Mexico,United States,12075,1725,10350,0,0,0,0,1,2,2,2,7,83,1,3,660,275,107,,73,225,80,80,http://www.onthesnow.com/new-mexico/ski-santa-fe/ski-resort.html,130,,,,,,,,,
Taos Ski Valley,New Mexico,United States,12481,3281,9200,1,0,0,1,3,4,1,4,14,111,1,5,1294,647,137,,64,300,110,110,http://www.onthesnow.com/new-mexico/taos-ski-valley/ski-resort.html,136,,,,,,13,,,
Belleayre,New York,United States,3429,1404,2025,1,0,0,1,1,1,2,2,8,50,2,2.2,175,168,154,,70,130,60,72,http://www.onthesnow.com/new-york/belleayre/ski-resort.html,150,,,,,,,,,
Brantling Ski Slopes,New York,United States,850,250,600,0,,0,0,0,0,0,5,5,10,,0.1,20,16,,Check days info,19,110,32,32,http://www.onthesnow.com/new-york/brantling-ski-slopes/ski-resort.html,,,,,Check fast eight lift info.,,,,,
Bristol Mountain,New York,United States,2200,1200,1000,0,0,0,2,1,1,1,1,6,34,3,2,160,148,129,,55,60,65,76,http://www.onthesnow.com/new-york/bristol-mountain/ski-resort.html,129,,,154,,,,,,
Buffalo Ski Club Ski Area,New York,United States,3429,500,2025,0,0,0,0,0,0,2,4,6,43,1,,225,150,,Check days info,12,,35,50,http://www.onthesnow.com/new-york/buffalo-ski-club-ski-area/ski-resort.html,,,,100,,,,,Check snowfall info.,
Catamount,New York,United States,2000,1000,1000,0,,0,0,1,1,2,3,7,36,5,2,133,130,100,,80,108,38,69,http://www.onthesnow.com/new-york/catamount-ski-ride-area/ski-resort.html,90,,,55,Check fast eight lift info.,,8.7,4.3,,
Dry Hill Ski Area,New York,United States,950,300,650,0,,0,0,0,0,1,2,3,7,1,0.2,35,26,,Check days info,55,125,,35,http://www.onthesnow.com/new-york/dry-hill-ski-area/ski-resort.html,,Check adult weekday price info.,,26,Check fast eight lift info.,,,,,
Gore Mountain,New York,United States,3600,2537,998,1,0,0,2,2,3,2,4,14,110,7,4.5,439,338,142,Check days info,55,150,80,88,http://www.onthesnow.com/new-york/gore-mountain/ski-resort.html,,,,15,,41.3,29.8,0.2,,
Greek Peak,New York,United States,2100,952,1148,0,0,0,0,1,1,4,2,8,56,4,1.5,220,184,110,,62,122,49,63.2,http://www.onthesnow.com/new-york/greek-peak/ski-resort.html,113,,,175,,,,,,
Holiday Mountain,New York,United States,1550,400,1150,0,0,0,0,1,0,1,2,4,9,,0.4,37,37,75,,60,50,27,42,http://www.onthesnow.com/new-york/holiday-mountain/ski-resort.html,85,,,37,,,,,,
Holiday Valley,New York,United States,2250,750,1500,0,,0,3,8,0,0,2,13,60,5,1,290,266,116,,62,180,65,78,http://www.onthesnow.com/new-york/holiday-valley/ski-resort.html,129,,,189,Check fast eight lift info.,,,,,
Holimont Ski Area,New York,United States,2260,700,1560,0,,0,1,1,2,3,1,8,53,3,1.5,135,135,110,,57,180,62,75,http://www.onthesnow.com/new-york/holimont-ski-area/ski-resort.html,119,,,,Check fast eight lift info.,,,,,
Hunt Hollow Ski Club,New York,United States,2030,825,1000,0,0,0,0,0,1,1,1,3,19,1,1,400,400,,Check days info,52,130,48,58,http://www.onthesnow.com/new-york/hunt-hollow-ski-club/ski-resort.html,75,,,400,,,,,,
Hunter Mountain,New York,United States,3200,1600,1600,0,,2,1,2,2,2,4,13,67,4,2,320,320,148,,59,120,79,89,http://www.onthesnow.com/new-york/hunter-mountain/ski-resort.html,155,,,,Check fast eight lift info.,,,,,
Kissing Bridge,New York,United States,1700,550,1150,0,,0,0,2,1,4,3,10,39,5,0.5,700,550,103,,59,120,40,60,http://www.onthesnow.com/new-york/kissing-bridge/ski-resort.html,100,,,650,Check fast eight lift info.,,,,,
Labrador Mt.,New York,United States,1825,700,1125,0,,0,0,0,1,2,1,4,23,1,1,250,237,,Check days info,62,125,59,59,http://www.onthesnow.com/new-york/labrador-mt/ski-resort.html,100,,,180,Check fast eight lift info.,,,,,
Maple Ski Ridge,New York,United States,1200,450,750,0,0,0,0,0,1,1,1,3,10,,0.3,25,25,,Check days info,57,,26,38,http://www.onthesnow.com/new-york/maple-ski-ridge/ski-resort.html,,,,20,,,,,Check snowfall info.,
McCauley Mountain Ski Center,New York,United States,2250,633,1563,0,0,0,0,0,0,1,4,5,23,1,0.3,70,55,105,,61,200,20,30,http://www.onthesnow.com/new-york/mccauley-mountain-ski-center/ski-resort.html,105,,,,,,,,,
Mount Peter Ski Area,New York,United States,1250,450,750,0,,0,0,1,0,2,2,5,14,1,1,69,69,100,,83,50,35,54,http://www.onthesnow.com/new-york/mount-peter-ski-area/ski-resort.html,100,,,69,Check fast eight lift info.,,,,,
Oak Mountain,New York,United States,2400,650,1750,0,0,0,0,1,0,0,3,4,22,1,1.2,46,18,,Check days info,71,120,40,40,http://www.onthesnow.com/new-york/oak-mountain/ski-resort.html,,,,12,,,,,,
Peek'n Peak,New York,United States,1800,400,1400,0,,0,0,0,8,0,2,10,27,4,2.4,110,110,110,Check days info,55,225,49,63,http://www.onthesnow.com/new-york/peekn-peak/ski-resort.html,,,,110,Check fast eight lift info.,,,,,
Plattekill Mountain,New York,United States,3500,1100,2400,0,,0,0,0,1,1,2,4,38,1,2,110,75,65,,26,175,50,67,http://www.onthesnow.com/new-york/plattekill-mountain/ski-resort.html,65,,,,Check fast eight lift info.,1.2,,,,
Royal Mountain Ski Area,New York,United States,1800,550,1250,0,,0,0,0,0,3,0,3,14,,0.3,35,28,,Check days info,63,90,45,45,http://www.onthesnow.com/new-york/royal-mountain-ski-area/ski-resort.html,,,,,Check fast eight lift info.,,,,,
Snow Ridge,New York,United States,2000,650,1350,0,,0,0,0,0,4,2,6,21,2,0.8,130,65,73,,74,230,38,48,http://www.onthesnow.com/new-york/snow-ridge/ski-resort.html,100,,,40,Check fast eight lift info.,,,,,
Song Mountain,New York,United States,1940,700,1240,0,,0,0,0,1,1,3,5,24,,0.4,93,70,90,,55,125,59,59,http://www.onthesnow.com/new-york/song-mountain/ski-resort.html,122,,,70,Check fast eight lift info.,,,,,
Swain,New York,United States,1970,650,1320,0,,0,0,3,0,1,1,5,35,3,1,130,90,102,,72,120,49,59,http://www.onthesnow.com/new-york/swain/ski-resort.html,100,,,80,Check fast eight lift info.,,,,,
Thunder Ridge,New York,United States,1270,500,770,0,,0,0,0,1,2,3,6,30,,0.4,100,100,121,,60,,,57,http://www.onthesnow.com/new-york/thunder-ridge/ski-resort.html,121,Check adult weekday price info.,,100,Check fast eight lift info.,,,,Check snowfall info.,
Titus Mountain,New York,United States,2025,1200,825,0,,0,0,0,2,6,2,10,50,3,2,200,150,101,,59,150,39,49,http://www.onthesnow.com/new-york/titus-mountain/ski-resort.html,100,,,70,Check fast eight lift info.,,11.2,8.1,,
Toggenburg Mountain,New York,United States,2000,700,1300,0,,0,0,0,1,1,3,5,22,2,0.4,85,,,Check days info,66,130,55,55,http://www.onthesnow.com/new-york/toggenburg-mountain/ski-resort.html,122,,,73,Check fast eight lift info.,,,,,
West Mountain,New York,United States,1470,1010,460,0,,0,0,0,1,2,2,5,29,1,0.6,124,105,,Check days info,58,80,49,59,http://www.onthesnow.com/new-york/west-mountain/ski-resort.html,120,,,105,Check fast eight lift info.,,,,,
Whiteface Mountain Resort,New York,United States,4650,3430,1220,1,0,0,1,1,2,5,2,12,86,5,2.1,288,220,122,,61,168,96,96,http://www.onthesnow.com/new-york/whiteface-mountain-resort/ski-resort.html,141,,,,,,,,,
Willard Mountain,New York,United States,1415,505,910,0,,0,0,0,0,2,3,5,16,,0.4,50,35,85,,19,80,46,46,http://www.onthesnow.com/new-york/willard-mountain/ski-resort.html,120,,,35,Check fast eight lift info.,,,,,
Windham Mountain,New York,United States,3100,1600,1500,0,0,1,2,0,3,1,5,12,54,6,2,285,280,123,,59,105,85,95,http://www.onthesnow.com/new-york/windham-mountain/ski-resort.html,130,,,56,,12,,,,
Woods Valley Ski Area,New York,United States,1400,500,900,0,,0,0,0,0,2,4,6,21,,0.3,25,16,,Check days info,55,180,31,39,http://www.onthesnow.com/new-york/woods-valley-ski-area/ski-resort.html,,,,15,Check fast eight lift info.,,,,,
Appalachian Ski Mountain,North Carolina,United States,4000,365,3635,0,0,0,0,2,0,1,2,5,12,3,0.5,27,27,100,,57,50,40,64,http://www.onthesnow.com/north-carolina/appalachian-ski-mtn/ski-resort.html,100,,,27,,,,,,
Cataloochee Ski Area,North Carolina,United States,5400,740,4660,0,0,0,0,1,1,1,2,5,18,2,1,50,50,141,,58,50,43,70,http://www.onthesnow.com/north-carolina/cataloochee-ski-area/ski-resort.html,108,,,50,,,0.6,9.9,,
Sapphire Valley,North Carolina,United States,3450,200,3200,0,,0,0,1,0,0,2,3,,1,1,8,8,53,,55,24,40,43,http://www.onthesnow.com/north-carolina/sapphire-valley/ski-resort.html,60,,,8,Check fast eight lift info.,0.4,,,,
Beech Mountain Resort,North Carolina,United States,5506,830,4675,0,0,0,0,3,0,3,2,8,17,1,1,95,95,98,Check days info,52,31,41,68,http://www.onthesnow.com/north-carolina/ski-beech-mountain-resort/ski-resort.html,,,,95,,,,,,
Sugar Mountain Resort,North Carolina,United States,5300,1200,4100,0,0,1,0,0,1,4,2,8,21,1,1.5,125,125,114,,50,77,45,75,http://www.onthesnow.com/north-carolina/sugar-mountain-resort/ski-resort.html,120,,,95,,,,,,
Wolf Ridge Ski Resort,North Carolina,United States,4700,720,4000,0,,0,0,1,0,1,2,4,15,1,0.6,65,65,,Check days info,49,65,42,65,http://www.onthesnow.com/north-carolina/wolf-ridge-ski-resort/ski-resort.html,100,,,60,Check fast eight lift info.,,,,,
Alpine Valley,Ohio,United States,1500,230,1260,0,0,0,0,1,2,1,1,5,11,1,0.2,72,72,105,Check days info,53,120,43,43,http://www.onthesnow.com/ohio/alpine-valley/ski-resort.html,,,,72,,,,,,
Boston Mills,Ohio,United States,871,264,631,0,,0,0,0,4,2,2,8,7,2,0.3,40,40,92,,56,51,44,44,http://www.onthesnow.com/ohio/boston-mills/ski-resort.html,110,,,40,Check fast eight lift info.,,,,,
Brandywine,Ohio,United States,871,240,631,0,,0,0,2,7,2,5,16,11,2,0.3,85,85,92,,56,51,44,44,http://www.onthesnow.com/ohio/brandywine/ski-resort.html,110,,,85,Check fast eight lift info.,,,,,
Mad River Mountain,Ohio,United States,1460,300,1160,0,,0,0,1,2,3,6,12,20,4,0.5,144,144,99,,57,36,39,44,http://www.onthesnow.com/ohio/mad-river-mountain/ski-resort.html,90,,,144,Check fast eight lift info.,,,,,
Snow Trails,Ohio,United States,1475,301,1174,0,,0,0,0,4,2,3,9,17,3,0.2,80,80,101,,58,50,41,52,http://www.onthesnow.com/ohio/snow-trails/ski-resort.html,70,,,80,Check fast eight lift info.,,,,,
Anthony Lakes Mountain Resort,Oregon,United States,8000,900,7100,0,0,0,0,0,1,0,2,3,21,2,1.5,1100,,75,,56,300,40,40,http://www.onthesnow.com/oregon/anthony-lakes-mountain-resort/ski-resort.html,80,,,,,,,,,
Cooper Spur,Mt. Hood,Oregon,4000,350,3500,0,,0,0,0,0,1,1,2,10,,0.1,50,,78,,66,100,39,39,http://www.onthesnow.com/oregon/cooper-spur/ski-resort.html,90,,,,Check fast eight lift info.,,,,,
Hoodoo Ski Area,Oregon,United States,5703,1035,4668,0,0,0,0,3,1,1,0,5,34,,0.4,806,,80,,81,350,59,59,http://www.onthesnow.com/oregon/hoodoo-ski-area/ski-resort.html,108,,,200,,,,,,
Mt. Ashland,Oregon,United States,7533,1150,6383,0,0,0,0,0,2,2,1,5,23,2,1,220,,94,,55,300,45,52,http://www.onthesnow.com/oregon/mount-ashland/ski-resort.html,92,,,40,,,,,,
Mt. Bachelor,Oregon,United States,9065,3365,5700,0,0,0,8,0,3,0,0,11,101,5,4,4318,20,185,,61,462,99,99,http://www.onthesnow.com/oregon/mt-bachelor/ski-resort.html,185,,,,,,2.5,,,
Mt. Hood Meadows,Mt. Hood,Oregon,7300,2777,4523,0,,0,6,0,0,5,2,13,85,6,3,2150,,118,,51,430,,,http://www.onthesnow.com/oregon/mt-hood-meadows/ski-resort.html,160,Check adult weekday price info.,Check adult weekday price info.,170,Check fast eight lift info.,,,,,
Mt. Hood Skibowl,Mt. Hood,Oregon,5100,1500,3600,0,,0,0,0,0,4,5,9,65,2,3,960,29,125,,82,300,70,70,http://www.onthesnow.com/oregon/mt-hood-ski-bowl/ski-resort.html,144,,,317,Check fast eight lift info.,,,,,
Spout Springs,Oregon,United States,5500,610,4850,0,,0,0,0,0,2,2,4,14,,0.1,200,,117,,19,118,,,http://www.onthesnow.com/oregon/spout-springs/ski-resort.html,125,Check adult weekday price info.,Check adult weekday price info.,100,Check fast eight lift info.,,,,,
Timberline Lodge,Mt. Hood,Oregon,8540,3690,6000,0,0,0,5,0,1,1,1,8,41,5,2,1415,,305,,82,550,,,http://www.onthesnow.com/oregon/timberline-lodge/ski-resort.html,305,Check adult weekday price info.,Check adult weekday price info.,300,,,,,,
Willamette Pass,Oregon,United States,6683,1563,5120,0,0,1,0,0,3,0,1,5,29,,2.1,555,60,3,,78,430,60,60,http://www.onthesnow.com/oregon/willamette-pass/ski-resort.html,100,,,,,,,,,
Bear Creek Mountain Resort,Pennsylvania,United States,1100,510,600,0,,0,0,3,1,0,2,6,23,3,1,86,86,91,,52,30,50,60,http://www.onthesnow.com/pennsylvania/bear-creek-mountain-resort/ski-resort.html,90,,,86,Check fast eight lift info.,,,,,
Ski Big Bear,Pennsylvania,United States,1250,650,600,0,0,0,0,0,0,4,2,6,18,1,1.5,26,26,75,,43,69,50,62,http://www.onthesnow.com/pennsylvania/big-bear/ski-resort.html,75,,,26,,,,,,
Big Boulder,Pennsylvania,United States,2175,600,1700,0,0,0,0,0,2,5,1,8,16,8,,55,55,76,,72,50,50,65,http://www.onthesnow.com/pennsylvania/big-boulder/ski-resort.html,95,,,55,,,,,,
Blue Knob,Pennsylvania,United States,3146,1072,2074,0,0,0,0,0,2,2,2,6,34,1,2,100,84,87,,56,120,43,68,http://www.onthesnow.com/pennsylvania/blue-knob/ski-resort.html,105,,,42,,,,,,
Blue Mountain Resort,Pennsylvania,United States,1600,1082,460,0,0,1,1,1,1,3,9,16,39,5,1.2,164,164,122,,42,33,55,65,http://www.onthesnow.com/pennsylvania/blue-mountain-ski-area/ski-resort.html,112,,,164,,,,,,
Camelback Mountain Resort,Pennsylvania,United States,2100,800,1250,0,,0,2,0,3,5,6,16,37,5,1,166,166,100,,56,50,55,70,http://www.onthesnow.com/pennsylvania/camelback-mountain-resort/ski-resort.html,100,,,160,Check fast eight lift info.,,,,,
Eagle Rock,Pennsylvania,United States,1810,550,1260,0,,0,0,0,0,3,0,3,14,1,1,,,,Check days info,47,,,,http://www.onthesnow.com/pennsylvania/eagle-rock/ski-resort.html,40,Check adult weekday price info.,Check adult weekday price info.,,Check fast eight lift info.,,,,Check snowfall info.,
Elk Mountain Ski Resort,Pennsylvania,United States,2693,1000,1693,0,,0,0,1,0,5,1,7,27,2,0.7,180,146,,Check days info,60,60,55,69,http://www.onthesnow.com/pennsylvania/elk-mountain-ski-resort/ski-resort.html,100,,,90,Check fast eight lift info.,,,,,
Jack Frost,Pennsylvania,United States,2000,600,1400,0,,0,0,1,2,5,1,9,20,1,1,100,100,96,,47,50,50,65,http://www.onthesnow.com/pennsylvania/jack-frost/ski-resort.html,105,,,,Check fast eight lift info.,,,,,
Liberty,Pennsylvania,United States,1190,620,570,0,0,0,0,5,0,0,3,8,16,3,1,100,100,107,,54,31,67,77,http://www.onthesnow.com/pennsylvania/liberty/ski-resort.html,97,,,100,,,,,,
Mount Pleasant of Edinboro,Pennsylvania,United States,1540,340,1200,0,,0,0,0,1,0,1,2,10,,0.5,40,35,75,,48,100,30,33,http://www.onthesnow.com/pennsylvania/mount-pleasant-of-edinboro/ski-resort.html,90,,,35,Check fast eight lift info.,,,,,
Roundtop Mountain Resort,Pennsylvania,United States,1400,600,800,0,0,0,0,3,2,0,3,8,20,2,0.4,103,103,,Check days info,55,30,63,73,http://www.onthesnow.com/pennsylvania/roundtop-mountain-resort/ski-resort.html,,,,100,,,,,,
Seven Springs,Pennsylvania,United States,2994,750,2240,0,,2,0,3,5,0,4,14,33,7,1.2,285,285,99,,87,135,67,87,http://www.onthesnow.com/pennsylvania/seven-springs/ski-resort.html,115,,,200,Check fast eight lift info.,,,,,
Shawnee Mountain Ski Area,Pennsylvania,United States,1350,700,650,0,0,0,1,1,0,4,4,10,23,2,1.6,125,125,100,,44,50,55,65,http://www.onthesnow.com/pennsylvania/shawnee-mountain-ski-area/ski-resort.html,122,,,120,,,,,,
Ski Sawmill,Pennsylvania,United States,2215,515,1700,0,0,0,0,0,1,1,3,5,14,1,0.1,15,13,,Check days info,50,24,30,44,http://www.onthesnow.com/pennsylvania/ski-sawmill/ski-resort.html,90,,,15,,,,,,
Montage Mountain,Pennsylvania,United States,1960,1000,960,0,,0,0,1,3,1,2,7,26,1,1.2,140,140,60,,35,47,67,,http://www.onthesnow.com/pennsylvania/sno-mountain/ski-resort.html,90,,Check adult weekday price info.,140,Check fast eight lift info.,,,,,
Spring Mountain Ski Area,Pennsylvania,United States,528,450,78,0,0,0,0,0,1,3,2,6,9,1,0.2,45,45,100,,56,20,,,http://www.onthesnow.com/pennsylvania/spring-mountain-ski-area/ski-resort.html,100,Check adult weekday price info.,Check adult weekday price info.,45,,,,,,
Tussey Mountain,Pennsylvania,United States,1750,520,1230,0,,0,0,1,0,1,3,5,8,1,0.3,38,30,100,,39,41,40,45,http://www.onthesnow.com/pennsylvania/tussey-mountain/ski-resort.html,100,,,30,Check fast eight lift info.,,,,,
Whitetail Resort,Pennsylvania,United States,1800,935,865,0,,0,1,3,0,2,2,8,23,2,1,120,120,116,,28,40,69,71,http://www.onthesnow.com/pennsylvania/whitetail-resort/ski-resort.html,100,,,120,Check fast eight lift info.,,,,,
Yawgoo Valley,United States,New England,315,245,70,0,,0,0,0,0,2,2,4,13,1,0.2,30,30,100,,54,40,,,http://www.onthesnow.com/rhode-island/yawgoo-valley/ski-resort.html,100,Check adult weekday price info.,Check adult weekday price info.,30,Check fast eight lift info.,,,,,
Deer Mountain Ski Resort,South Dakota,United States,6850,940,6040,0,0,0,0,0,1,1,2,4,63,2,1.6,500,50,69,,51,200,45,45,http://www.onthesnow.com/south-dakota/ski-mystic-at-deer-mountain/ski-resort.html,81,,,,,,,,,
Terry Peak Ski Area,South Dakota,United States,7100,1100,5900,0,,0,3,0,1,0,1,5,30,1,1.2,450,225,114,,65,150,58,58,http://www.onthesnow.com/south-dakota/terry-peak-ski-area/ski-resort.html,120,,,,Check fast eight lift info.,,,,,
Ober Gatlinburg Ski Resort,Tennessee,United States,3300,600,2700,0,,0,0,2,0,1,1,4,10,1,1,,,83,,44,35,36,65,http://www.onthesnow.com/tennessee/ober-gatlinburg-ski-resort/ski-resort.html,94,,,,Check fast eight lift info.,,,,,
Alta Ski Area,Salt Lake City,Utah,11068,2538,8530,0,0,0,3,0,1,2,0,6,116,,1.3,2614,140,150,,81,545,116,116,http://www.onthesnow.com/utah/alta-ski-area/ski-resort.html,140,,,,,,,,,
Beaver Mountain,Utah,United States,8600,1600,7232,0,0,0,0,0,1,3,1,5,48,2,0.8,464,,120,,81,400,50,50,http://www.onthesnow.com/utah/beaver-mountain/ski-resort.html,120,,,,,,,,,
Brian Head Resort,Utah,United States,10970,1548,9600,0,0,0,1,0,6,1,0,8,71,2,0.6,650,216,149,,54,360,42,59,http://www.onthesnow.com/utah/brian-head-resort/ski-resort.html,148,,,,,,,,,
Brighton Resort,Salt Lake City,Utah,10500,1745,8755,0,,0,3,1,1,0,2,7,66,4,1.2,1050,200,138,,83,500,85,85,http://www.onthesnow.com/utah/brighton-resort/ski-resort.html,138,,,200,Check fast eight lift info.,,,,,
Deer Valley Resort,Salt Lake City,Utah,9570,3000,6570,1,0,0,13,0,5,2,0,21,103,,2.8,2026,660,,Check days info,39,300,169,169,http://www.onthesnow.com/utah/deer-valley-resort/ski-resort.html,,,,,,,,,,
Eagle Point,Utah,United States,10600,1500,9100,0,0,0,0,1,1,2,1,5,40,1,0.9,650,,,Check days info,9,400,45,60,http://www.onthesnow.com/utah/eagle-point/ski-resort.html,109,,,,,,,,,
Park City,Salt Lake City,Utah,10000,3200,6800,4,0,6,10,4,7,4,6,41,341,8,3.5,7300,750,142,,56,355,,,http://www.onthesnow.com/utah/park-city-mountain-resort/ski-resort.html,143,Check adult weekday price info.,Check adult weekday price info.,,,,,,,
Powder Mountain,Utah,United States,9422,2522,6900,0,0,0,1,4,1,0,3,9,167,2,3.5,8464,,120,,47,500,88,88,http://www.onthesnow.com/utah/powder-mountain/ski-resort.html,146,,,300,,,,,,
Snowbasin,Utah,United States,9350,2900,6450,3,0,1,2,0,3,0,2,11,107,4,3.5,3000,625,143,,79,300,115,115,http://www.onthesnow.com/utah/snowbasin/ski-resort.html,138,,,,,28.6,24.9,,,
Snowbird,Salt Lake City,Utah,11000,3240,7760,1,0,0,6,0,0,4,3,14,170,1,2.5,2500,,188,,48,500,125,125,http://www.onthesnow.com/utah/snowbird/ski-resort.html,180,,,2,,,,,,
Solitude Mountain Resort,Salt Lake City,Utah,10488,2494,7994,0,0,0,4,2,1,1,1,9,80,,3,1200,150,161,,62,500,109,119,http://www.onthesnow.com/utah/solitude-mountain-resort/ski-resort.html,148,,,,,,,,,
Sundance,Utah,United States,8250,2150,6100,0,,0,0,2,2,0,1,5,45,1,0.6,450,112,128,,50,320,80,80,http://www.onthesnow.com/utah/sundance/ski-resort.html,129,,,,Check fast eight lift info.,,,,,
Nordic Valley Resort,Utah,United States,6400,960,5440,0,0,0,0,0,0,2,2,4,23,1,0.4,140,84,105,,51,300,45,50,http://www.onthesnow.com/utah/wolf-creek/ski-resort.html,105,,,140,,,0.5,0.5,,
Bolton Valley,Vermont,United States,3150,1704,1446,0,0,0,0,2,0,3,1,6,71,3,0.6,300,90,133,,53,300,69,79,http://www.onthesnow.com/vermont/bolton-valley/ski-resort.html,132,,,50,,18.6,,,,
Bromley Mountain,Vermont,United States,3284,1334,1950,0,,0,1,1,0,4,3,9,47,1,2.5,178,153,,Check days info,83,168,87,91,http://www.onthesnow.com/vermont/bromley-mountain/ski-resort.html,152,,,,Check fast eight lift info.,,,,,
Burke Mountain,Vermont,United States,3267,2011,1210,0,0,0,2,1,0,0,3,6,50,3,2.2,178,125,110,,62,217,73,73,http://www.onthesnow.com/vermont/burke-mountain/ski-resort.html,125,,,,,,,,,
Jay Peak,Vermont,United States,3968,2153,1815,1,0,0,1,3,1,1,2,9,79,2,3,385,300,155,,64,349,89,89,http://www.onthesnow.com/vermont/jay-peak/ski-resort.html,160,,,,,,,,,
Killington Resort,Vermont,United States,4241,3050,1165,3,0,1,5,4,3,1,5,22,155,6,6,1515,600,192,Check days info,61,250,119,119,http://www.onthesnow.com/vermont/killington-resort/ski-resort.html,,,,,,,,,,
Mad River Glen,Vermont,United States,3637,2037,1600,0,,0,0,0,2,2,1,5,52,,1,115,16,134,,71,228,,,http://www.onthesnow.com/vermont/mad-river-glen/ski-resort.html,135,Check adult weekday price info.,Check adult weekday price info.,,Check fast eight lift info.,,,,,
Magic Mountain,Vermont,United States,2850,1500,1350,0,0,0,0,0,0,3,3,6,50,1,1.6,205,95,76,,59,150,74,74,http://www.onthesnow.com/vermont/magic-mountain/ski-resort.html,80,,,,,,9.3,,,
Mount Snow,Vermont,United States,3600,1700,1900,0,0,1,3,1,6,4,5,20,86,10,3,600,480,135,,65,156,,,http://www.onthesnow.com/vermont/mount-snow/ski-resort.html,135,Check adult weekday price info.,Check adult weekday price info.,,,,,,,
Okemo Mountain Resort,Vermont,United States,3344,2200,1144,0,0,1,4,5,3,0,7,20,121,9,4,667,654,146,,63,200,,,http://www.onthesnow.com/vermont/okemo-mountain-resort/ski-resort.html,152,Check adult weekday price info.,Check adult weekday price info.,,,,,,,
Pico Mountain ,Vermont,United States,3967,1967,2000,0,0,0,2,0,2,2,1,7,59,1,4,260,156,,Check days info,82,250,81,81,http://www.onthesnow.com/vermont/pico-mountain-at-killington/ski-resort.html,,,,,,,,,,
Smugglers' Notch Resort,Vermont,United States,3640,2610,1030,0,0,0,0,0,0,6,2,8,78,6,3,1000,192,136,,63,280,79,79,http://www.onthesnow.com/vermont/smugglers-notch-resort/ski-resort.html,135,,,,,,,,,
Stowe Mountain Resort,Vermont,United States,4395,2360,2035,2,0,0,0,4,2,2,2,12,116,,3.7,485,388,155,,86,314,,,http://www.onthesnow.com/vermont/stowe-mountain-resort/ski-resort.html,137,Check adult weekday price info.,Check adult weekday price info.,,,,,,,
Stratton Mountain,Vermont,United States,3875,2003,1872,1,0,4,1,2,1,1,1,11,99,4,3,670,474,155,,58,180,,,http://www.onthesnow.com/vermont/stratton-mountain/ski-resort.html,160,Check adult weekday price info.,Check adult weekday price info.,,,,,,,
Sugarbush,Vermont,United States,4083,2600,1483,0,0,0,5,5,2,1,3,16,111,4,3,581,406,150,,61,250,119,119,http://www.onthesnow.com/vermont/sugarbush/ski-resort.html,156,,,,,,,,,
Suicide Six,Vermont,United States,1200,650,550,0,,0,0,0,0,2,1,3,24,,0.4,100,50,100,,85,90,45,75,http://www.onthesnow.com/vermont/suicide-six/ski-resort.html,106,,,,Check fast eight lift info.,,,,,
Bryce Resort,Virginia,United States,1750,500,1250,0,,0,0,1,0,1,5,7,8,,0.4,25,25,100,,54,30,43,68,http://www.onthesnow.com/virginia/bryce-resort/ski-resort.html,95,,,20,Check fast eight lift info.,,,,,
Massanutten,Virginia,United States,2925,1110,1750,0,,0,0,3,1,0,3,7,13,2,0.8,70,70,68,,46,35,,,http://www.onthesnow.com/virginia/massanutten/ski-resort.html,97,Check adult weekday price info.,Check adult weekday price info.,70,Check fast eight lift info.,,,,,
The Homestead Ski Area,Virginia,United States,3200,700,2500,0,,0,0,0,0,1,1,2,10,,1,45,100,91,,60,50,,,http://www.onthesnow.com/virginia/the-homestead-ski-area/ski-resort.html,100,Check adult weekday price info.,Check adult weekday price info.,,Check fast eight lift info.,,,,,
Wintergreen Resort,Virginia,United States,3515,1003,2512,0,,2,0,1,1,1,0,5,27,2,1,129,129,107,,44,34,59,,http://www.onthesnow.com/virginia/wintergreen-resort/ski-resort.html,121,,Check adult weekday price info.,45,Check fast eight lift info.,,,,,
49 Degrees North,Washington,United States,5774,1851,3932,0,0,0,0,1,0,5,1,7,89,1,2,2325,,101,,48,301,62,62,http://www.onthesnow.com/washington/49-degrees-north/ski-resort.html,135,,,250,,,,,,
Alpental,Washington,United States,5420,2280,3140,0,0,0,1,0,0,3,1,5,24,,1.2,825,,120,,52,428,,,http://www.onthesnow.com/washington/alpental/ski-resort.html,144,Check adult weekday price info.,Check adult weekday price info.,121,,,,,,
Bluewood,Washington,United States,5670,1125,4545,0,0,0,0,0,2,0,1,3,24,2,2,355,,70,,40,300,42,47,http://www.onthesnow.com/washington/bluewood/ski-resort.html,110,,,,,,,,,
Crystal Mountain,Washington,United States,7012,3100,4400,1,,2,2,1,2,2,0,10,57,1,2.5,2600,10,,Check days info,57,486,99,99,http://www.onthesnow.com/washington/crystal-mountain-wa/ski-resort.html,,,,,Check fast eight lift info.,,,,,
Mission Ridge,Washington,United States,6820,2250,4570,0,0,0,1,0,0,3,2,6,,3,0.8,2000,66,104,,53,200,,,http://www.onthesnow.com/washington/mission-ridge/ski-resort.html,96,Check adult weekday price info.,Check adult weekday price info.,500,,,,,,
Mt. Baker,Washington,United States,5000,1500,3500,0,,0,0,8,0,0,2,10,38,,0.7,1000,,143,,66,663,53.75,60.01,http://www.onthesnow.com/washington/mt-baker/ski-resort.html,165,,,,Check fast eight lift info.,,,,,
Mt. Spokane Ski and Snowboard Park,Washington,United States,5889,2000,4200,0,0,0,0,0,1,5,1,7,52,3,0.6,1704,,100,,81,300,45,59,http://www.onthesnow.com/washington/mt-spokane-ski-and-snowboard-park/ski-resort.html,103,,,45,,,,,,
Stevens Pass Resort,Washington,United States,5845,1800,4061,0,0,0,3,0,4,3,0,10,52,4,1,1125,,116,,82,460,,,http://www.onthesnow.com/washington/stevens-pass-resort/ski-resort.html,145,Check adult weekday price info.,Check adult weekday price info.,450,,,,,,
The Summit at Snoqualmie,Washington,United States,3865,1025,2840,0,,0,3,3,4,10,7,27,112,5,0.8,1994,5,120,,82,428,85,95,http://www.onthesnow.com/washington/the-summit-at-snoqualmie/ski-resort.html,140,,,541,Check fast eight lift info.,,,,,
White Pass,Washington,United States,6550,2050,4500,0,,0,2,1,1,2,2,8,45,2,2.5,1402,30,148,,67,400,69,69,http://www.onthesnow.com/washington/white-pass/ski-resort.html,144,,,90,Check fast eight lift info.,,0.2,1.9,,
Canaan Valley Resort,West Virginia,United States,4280,850,3430,0,,0,0,1,2,0,1,4,47,1,1.2,95,75,,Check days info,48,160,52,68,http://www.onthesnow.com/west-virginia/canaan-valley-resort/ski-resort.html,93,,,,Check fast eight lift info.,,,,,
Snowshoe Mountain Resort,West Virginia,United States,4848,1500,3348,0,,0,3,2,6,0,3,14,60,5,1.5,257,257,125,,46,180,70,87,http://www.onthesnow.com/west-virginia/snowshoe-mountain-resort/ski-resort.html,138,,,86,Check fast eight lift info.,,,,,
Timberline Four Seasons,West Virginia,United States,4265,1000,3268,0,,0,0,0,2,1,1,4,40,1,2,100,100,97,,37,150,72,92,http://www.onthesnow.com/west-virginia/timberline-four-seasons/ski-resort.html,115,,,27,Check fast eight lift info.,,,,,
Winterplace Ski Resort,West Virginia,United States,3600,603,2997,0,,0,0,2,3,2,2,9,27,2,1.2,90,90,120,,36,100,56,72,http://www.onthesnow.com/west-virginia/winterplace-ski-resort/ski-resort.html,120,,,74,Check fast eight lift info.,,,,,
Alpine Valley Resort,Wisconsin,United States,1040,388,820,0,,0,3,0,3,1,5,12,21,3,0.2,90,90,100,,55,80,56,65,http://www.onthesnow.com/wisconsin/alpine-valley-resort/ski-resort.html,120,,,90,Check fast eight lift info.,,,,,
Bruce Mound,Wisconsin,United States,1375,375,1000,0,0,0,0,0,1,0,4,5,12,2,0.5,40,30,42,,71,42,33,25,http://www.onthesnow.com/wisconsin/bruce-mound/ski-resort.html,42,,,30,,0.9,,,,
Cascade Mountain,Wisconsin,United States,1280,460,820,0,,0,2,2,3,2,3,12,47,4,1.1,175,175,120,,57,56,59,64,http://www.onthesnow.com/wisconsin/cascade-mountain/ski-resort.html,120,,,,Check fast eight lift info.,,,,,
Christie Mountain,Wisconsin,United States,1650,350,1300,0,,0,0,0,0,1,5,6,30,4,0.8,45,41,92,,43,48,28,38,http://www.onthesnow.com/wisconsin/christie-mountain/ski-resort.html,120,,,35,Check fast eight lift info.,,,,,
Christmas Mountain,Wisconsin,United States,1250,250,1000,0,,0,0,1,0,0,2,3,16,,0.4,40,40,75,,50,20,,,http://www.onthesnow.com/wisconsin/christmas-mountain/ski-resort.html,70,Check adult weekday price info.,Check adult weekday price info.,40,Check fast eight lift info.,,,,,
Devils Head,Wisconsin,United States,995,500,495,0,,0,0,3,1,6,2,12,27,1,1,260,260,110,,48,45,45,65,http://www.onthesnow.com/wisconsin/devils-head/ski-resort.html,135,,,200,Check fast eight lift info.,,,,,
Grand Geneva,Wisconsin,United States,1086,211,875,0,,0,0,0,0,3,3,6,20,1,0.2,30,30,90,,25,25,28,49,http://www.onthesnow.com/wisconsin/grand-geneva/ski-resort.html,93,,,30,Check fast eight lift info.,,,,,
Granite Peak Ski Area,Wisconsin,United States,1942,700,1242,0,,1,2,0,2,0,2,7,75,4,0.6,220,160,136,,82,75,92,92,http://www.onthesnow.com/wisconsin/granite-peak-ski-area/ski-resort.html,135,,,200,Check fast eight lift info.,,,,,
Little Switzerland,Wisconsin,United States,1269,200,1069,0,0,0,0,0,0,4,4,8,18,3,1,50,50,,Check days info,,,33,41,http://www.onthesnow.com/wisconsin/little-switzerland/ski-resort.html,,,,50,,,,,Check snowfall info.,Check year open info
Mount La Crosse,Wisconsin,United States,1110,516,594,0,,0,0,0,0,3,1,4,19,1,0.4,100,100,115,,60,40,56,56,http://www.onthesnow.com/wisconsin/mount-la-crosse/ski-resort.html,100,,,90,Check fast eight lift info.,,,,,
Nordic Mountain,Wisconsin,United States,1137,265,872,0,,0,0,0,1,1,5,7,18,4,1,60,60,68,,43,80,,47,http://www.onthesnow.com/wisconsin/nordic-mountain/ski-resort.html,90,Check adult weekday price info.,,60,Check fast eight lift info.,,,,,
Sunburst,Wisconsin,United States,1100,214,866,0,0,0,0,0,0,3,6,9,13,4,0.5,37,37,99,,59,50,33,44,http://www.onthesnow.com/wisconsin/sunburst/ski-resort.html,115,,,37,,,,,,
Trollhaugen,Wisconsin,United States,1200,260,920,0,0,0,0,2,0,1,5,8,24,4,0.5,86,86,130,,69,50,54,54,http://www.onthesnow.com/wisconsin/trollhaugen/ski-resort.html,120,,,86,,,,,,
Tyrol Basin,Wisconsin,United States,1160,300,860,0,0,0,0,0,3,0,2,5,18,5,0.5,32,32,112,,61,41,17,48,http://www.onthesnow.com/wisconsin/tyrol-basin/ski-resort.html,103,,,32,,,,,,
Whitecap Mountain,Wisconsin,United States,1750,400,1295,0,,0,0,1,0,4,0,5,43,1,1,400,300,105,,57,200,60,60,http://www.onthesnow.com/wisconsin/whitecap-mountain/ski-resort.html,118,,,,Check fast eight lift info.,,,,,
Wilmot Mountain,Wisconsin,United States,1030,230,800,0,,0,0,3,2,2,3,10,23,2,0.5,135,135,125,,81,70,56,66,http://www.onthesnow.com/wisconsin/wilmot-mountain/ski-resort.html,139,,,135,Check fast eight lift info.,,,,,
Grand Targhee Resort,Wyoming,United States,9920,2270,7851,0,0,0,2,2,0,0,1,5,95,1,2.7,2602,,152,,50,500,90,90,http://www.onthesnow.com/wyoming/grand-targhee-resort/ski-resort.html,152,,,,,,,,,
Hogadon Basin,Wyoming,United States,8000,640,7400,0,,0,0,0,0,1,1,2,28,1,0.6,92,32,121,,61,80,48,48,http://www.onthesnow.com/wyoming/hogadon/ski-resort.html,95,,,,Check fast eight lift info.,,,,,
Jackson Hole,Wyoming,United States,10450,4139,6311,3,0,0,4,4,1,2,1,15,130,6,4.5,2500,195,130,,54,459,,,http://www.onthesnow.com/wyoming/jackson-hole/ski-resort.html,133,Check adult weekday price info.,Check adult weekday price info.,,,,,,,
Meadowlark Ski Lodge,Wyoming,United States,9500,1000,8500,0,,0,0,0,1,1,1,3,14,1,1.5,300,,,Check days info,9,,,,http://www.onthesnow.com/wyoming/meadowlark-ski-lodge/ski-resort.html,,Check adult weekday price info.,Check adult weekday price info.,,Check fast eight lift info.,3.1,,,Check snowfall info.,
Sleeping Giant Ski Resort,Wyoming,United States,7428,810,6619,0,0,0,0,0,1,1,1,3,48,1,1,184,18,61,,81,310,42,42,http://www.onthesnow.com/wyoming/sleeping-giant-ski-resort/ski-resort.html,77,,,,,,,,,
Snow King Resort,Wyoming,United States,7808,1571,6237,0,,0,0,1,1,1,0,3,32,2,1,400,250,121,,80,300,59,59,http://www.onthesnow.com/wyoming/snow-king-resort/ski-resort.html,123,,,110,Check fast eight lift info.,,,,,
Snowy Range Ski & Recreation Area,Wyoming,United States,9663,990,8798,0,0,0,0,0,1,3,1,5,33,2,0.7,75,30,131,Check days info,59,250,49,49,http://www.onthesnow.com/wyoming/snowy-range-ski-recreation-area/ski-resort.html,,,,,,,,,,
White Pine Ski Area,Wyoming,United States,9500,1100,8400,0,,0,0,0,2,0,0,2,25,,0.4,370,,,Check days info,81,150,,49,http://www.onthesnow.com/wyoming/white-pine-ski-area/ski-resort.html,,Check adult weekday price info.,,,Check fast eight lift info.,,,,,
